"","pep","married","car","age","income","children"
"1","NO","NO","NO",36.5476190476191,21758.4947619048,1.5
"2","NO","NO","YES",39.2619047619048,23635.4654761905,1.5
"3","NO","YES","NO",40.1269841269841,25031.1746031746,0.833333333333333
"4","NO","YES","YES",41.6551724137931,26355.4868103448,1.00862068965517
"5","YES","NO","NO",44.3833333333333,30565.43,0.8
"6","YES","NO","YES",45.9833333333333,31752.53,0.783333333333333
"7","YES","YES","NO",43.3947368421053,28293.1427631579,1.05263157894737
"8","YES","YES","YES",46.7307692307692,32145.5317948718,1.07692307692308
